<?xml version = '1.0' encoding = 'UTF-8'?>
<Entity class="oracle.dbtools.crest.model.design.logical.Entity" directorySegmentName="seg_0" id="4BD0A3B9-99A0-271E-767D-77C55BA2EEBA" name="turma">
<createdBy>labsfiap</createdBy>
<createdTime>2024-09-09 12:34:17 UTC</createdTime>
<ownerDesignName>aula3</ownerDesignName>
<engineerTo>
<item key="050322DC-66EA-B2A3-6157-E27A08C26EBE" value="true"/>
</engineerTo>
<adequatelyNormalized>NO</adequatelyNormalized>
<expectedVolumes>0</expectedVolumes>
<fwdEngineeringStrategyName>Single Table</fwdEngineeringStrategyName>
<growthPercent>0</growthPercent>
<growthType>Year</growthType>
<maxVolumes>9999999</maxVolumes>
<minVolumes>0</minVolumes>
<normalForm>Third</normalForm>
</Entity>