<?xml version = '1.0' encoding = 'UTF-8'?>
<Entity class="oracle.dbtools.crest.model.design.logical.Entity" directorySegmentName="seg_0" id="C4F85C17-6960-1A13-5406-41EFB8E97269" name="aluno">
<createdBy>labsfiap</createdBy>
<createdTime>2024-09-09 12:34:03 UTC</createdTime>
<ownerDesignName>aula3</ownerDesignName>
<engineerTo>
<item key="050322DC-66EA-B2A3-6157-E27A08C26EBE" value="true"/>
</engineerTo>
<adequatelyNormalized>NO</adequatelyNormalized>
<expectedVolumes>0</expectedVolumes>
<fwdEngineeringStrategyName>Single Table</fwdEngineeringStrategyName>
<growthPercent>0</growthPercent>
<growthType>Year</growthType>
<maxVolumes>9999999</maxVolumes>
<minVolumes>0</minVolumes>
<normalForm>Third</normalForm>
<attributes itemClass="oracle.dbtools.crest.model.design.logical.Attribute">
<Attribute name="rm" id="A30F3DD3-757A-7EB3-DD48-7458B398FBDF">
<createdBy>labsfiap</createdBy>
<createdTime>2024-09-09 12:35:34 UTC</createdTime>
<ownerDesignName>aula3</ownerDesignName>
<engineerTo>
<item key="050322DC-66EA-B2A3-6157-E27A08C26EBE" value="true"/>
</engineerTo>
<use>0</use>
<ownDataTypeParameters>,,</ownDataTypeParameters>
</Attribute>
<Attribute name="nome_aluno" id="080911FD-6E44-D291-EE94-C7714E29D11B">
<createdBy>labsfiap</createdBy>
<createdTime>2024-09-09 12:35:50 UTC</createdTime>
<ownerDesignName>aula3</ownerDesignName>
<engineerTo>
<item key="050322DC-66EA-B2A3-6157-E27A08C26EBE" value="true"/>
</engineerTo>
<use>0</use>
<ownDataTypeParameters>,,</ownDataTypeParameters>
</Attribute>
<Attribute name="data_nascimento" id="46FA6B87-5B64-0CB2-C37D-6B2FE6BE1F28">
<createdBy>labsfiap</createdBy>
<createdTime>2024-09-09 12:36:01 UTC</createdTime>
<ownerDesignName>aula3</ownerDesignName>
<engineerTo>
<item key="050322DC-66EA-B2A3-6157-E27A08C26EBE" value="true"/>
</engineerTo>
<use>0</use>
<ownDataTypeParameters>,,</ownDataTypeParameters>
</Attribute>
<Attribute name="genero" id="4DE8A7CD-7D80-03B2-DCC4-3B89F37E499B">
<createdBy>labsfiap</createdBy>
<createdTime>2024-09-09 12:36:07 UTC</createdTime>
<ownerDesignName>aula3</ownerDesignName>
<engineerTo>
<item key="050322DC-66EA-B2A3-6157-E27A08C26EBE" value="true"/>
</engineerTo>
<nullsAllowed>true</nullsAllowed>
<use>0</use>
<ownDataTypeParameters>,,</ownDataTypeParameters>
</Attribute>
<Attribute name="cpf" id="388FCD81-D524-8D74-C4BE-09147BA809D9">
<createdBy>labsfiap</createdBy>
<createdTime>2024-09-09 12:36:13 UTC</createdTime>
<ownerDesignName>aula3</ownerDesignName>
<engineerTo>
<item key="050322DC-66EA-B2A3-6157-E27A08C26EBE" value="true"/>
</engineerTo>
<nullsAllowed>true</nullsAllowed>
<use>0</use>
<ownDataTypeParameters>,,</ownDataTypeParameters>
</Attribute>
</attributes>
<identifiers itemClass="oracle.dbtools.crest.model.design.logical.CandidateKey">
<identifier id="91723BE1-FB60-A2E3-4B3C-ED2CF97278BB" name="aluno PK">
<createdBy>labsfiap</createdBy>
<createdTime>2024-09-09 12:36:25 UTC</createdTime>
<ownerDesignName>aula3</ownerDesignName>
<engineerTo>
<item key="050322DC-66EA-B2A3-6157-E27A08C26EBE" value="true"/>
</engineerTo>
<pk>true</pk>
<usedAttributes>
<attributeRef>A30F3DD3-757A-7EB3-DD48-7458B398FBDF</attributeRef>
</usedAttributes>
</identifier>
</identifiers>
</Entity>