<?xml version = '1.0' encoding = 'UTF-8'?>
<Diagram class="oracle.dbtools.crest.swingui.logical.DPVLogical" name="Logical" id="3EDDC676-AA15-2BEA-EC8B-67F777903176">
<createdBy>labsfiap</createdBy>
<modifiedBy>labsfiap</modifiedBy>
<createdTime>2024-09-09 12:34:03 UTC</createdTime>
<autoRoute>false</autoRoute>
<boxInbox>true</boxInbox>
<showLegend>false</showLegend>
<showLabels>false</showLabels>
<showRelAttributes>false</showRelAttributes>
<gridEnabled>false</gridEnabled>
<showGrid>false</showGrid>
<diagramColor>-1</diagramColor>
<display>false</display>
<notation>1</notation>
<objectViews>
<OView class="oracle.dbtools.crest.swingui.logical.TVEntity" oid="4BD0A3B9-99A0-271E-767D-77C55BA2EEBA" otype="Entity" vid="0B5D3CFA-D999-0320-FF7D-C25EAC4505D5">
<hideElementsInCurrentOnly>false</hideElementsInCurrentOnly>
<bounds x="251" y="29" width="170" height="116"/>
</OView>
<OView class="oracle.dbtools.crest.swingui.logical.TVEntity" oid="C4F85C17-6960-1A13-5406-41EFB8E97269" otype="Entity" vid="EB61B2FA-E788-DC64-854E-34C4899025CC">
<hideElementsInCurrentOnly>false</hideElementsInCurrentOnly>
<bounds x="36" y="30" width="164" height="112"/>
</OView>
</objectViews>
</Diagram>